[{"obj_id": "microwave_1", "attr_list": [["-1.0", "-1.0"], ["-1.0", "-1.0"], ["-1.0", "-1.0"], ["-1.0", "-1.0"], ["-1.0", "-1.0"], ["-1.0", "-1.0"], ["-1.0", "-1.0"], ["-1.0", "-1.0"], ["-1.0", "-1.0"], ["-1.0", "-1.0"], ["-1.0", "-1.0"], ["-1.0", "-1.0"], ["-1.0", "-1.0"], ["-1.0", "-1.0"], ["-1.0", "-1.0"], ["-1.0", "-1.0"], ["-1.0", "-1.0"], ["-1.0", "-1.0"], ["-1.0", "-1.0"], ["-1.0", "-1.0"], ["-1.0", "-1.0"], ["-1.0", "-1.0"], ["-1.0", "-1.0"], ["-1.0", "-1.0"], ["-1.0", "-1.0"], ["-1.0", "-1.0"], ["-1.0", "-1.0"], ["-1.0", "-1.0"], ["-1.0", "-1.0"], ["-1.0", "-1.0"], ["-1.0", "-1.0"], ["-1.0", "-1.0"], ["-1.0", "-1.0"], ["-1.0", "-1.0"], ["-1.0", "-1.0"], ["-1.0", "-1.0"], ["-1.0", "-1.0"], ["-1.0", "-1.0"], ["-1.0", "-1.0"], ["-1.0", "-1.0"], ["-1.0", "-1.0"], ["-1.0", "-1.0"], ["-1.0", "-1.0"]]}, {"obj_id": "medicine-box_1", "attr_list": [["-1.0", "-1.0"], ["-1.0", "-1.0"], ["-1.0", "-1.0"], ["-1.0", "-1.0"], ["-1.0", "-1.0"], ["-1.0", "-1.0"], ["-1.0", "-1.0"], ["-1.0", "-1.0"], ["-1.0", "-1.0"], ["-1.0", "-1.0"], ["-1.0", "-1.0"], ["-1.0", "-1.0"], ["-1.0", "-1.0"], ["-1.0", "-1.0"], ["-1.0", "-1.0"], ["-1.0", "-1.0"], ["-1.0", "-1.0"], ["-1.0", "-1.0"], ["-1.0", "-1.0"], ["-1.0", "-1.0"], ["-1.0", "-1.0"], ["-1.0", "-1.0"], ["-1.0", "-1.0"], ["-1.0", "-1.0"], ["-1.0", "-1.0"], ["-1.0", "-1.0"], ["-1.0", "-1.0"], ["-1.0", "-1.0"], ["-1.0", "-1.0"], ["-1.0", "-1.0"], ["-1.0", "-1.0"], ["-1.0", "-1.0"], ["-1.0", "-1.0"], ["-1.0", "-1.0"], ["-1.0", "-1.0"], ["-1.0", "-1.0"], ["-1.0", "-1.0"], ["-1.0", "-1.0"], ["-1.0", "-1.0"], ["-1.0", "-1.0"], ["-1.0", "-1.0"], ["-1.0", "-1.0"], ["-1.0", "-1.0"]]}, {"obj_id": "bottle_1", "attr_list": [["0.98373", "0.01627"], ["0.98537", "0.01463"], ["0.97772", "0.02228"], ["0.98830", "0.01170"], ["0.98454", "0.01546"], ["0.98659", "0.01341"], ["0.97477", "0.02523"], ["0.98898", "0.01102"], ["0.98710", "0.01290"], ["0.98204", "0.01796"], ["0.97839", "0.02161"], ["0.98479", "0.01521"], ["0.98549", "0.01451"], ["0.98271", "0.01729"], ["0.98166", "0.01834"], ["0.97578", "0.02422"], ["0.97921", "0.02079"], ["0.98520", "0.01480"], ["0.97930", "0.02070"], ["0.98299", "0.01701"], ["0.96705", "0.03295"], ["0.98498", "0.01502"], ["0.98656", "0.01344"], ["0.98345", "0.01655"], ["0.98154", "0.01846"], ["0.98169", "0.01831"], ["0.98112", "0.01888"], ["0.98150", "0.01850"], ["0.97620", "0.02380"], ["0.98469", "0.01531"], ["0.98381", "0.01619"], ["0.98694", "0.01306"], ["0.97870", "0.02130"], ["0.98412", "0.01588"], ["0.97896", "0.02104"], ["0.97541", "0.02459"], ["0.98635", "0.01365"], ["0.98674", "0.01326"], ["0.98057", "0.01943"], ["0.98486", "0.01514"], ["0.98245", "0.01755"], ["0.98545", "0.01455"], ["0.98196", "0.01804"]]}]