[{"obj_ids": ["head_1", "cup_1"], "rel_list": [["-1.0", "-1.0", "-1.0", "-1.0", "-1.0", "-1.0"], ["-1.0", "-1.0", "-1.0", "-1.0", "-1.0", "-1.0"], ["-1.0", "-1.0", "-1.0", "-1.0", "-1.0", "-1.0"], ["-1.0", "-1.0", "-1.0", "-1.0", "-1.0", "-1.0"], ["-1.0", "-1.0", "-1.0", "-1.0", "-1.0", "-1.0"], ["-1.0", "-1.0", "-1.0", "-1.0", "-1.0", "-1.0"], ["-1.0", "-1.0", "-1.0", "-1.0", "-1.0", "-1.0"], ["-1.0", "-1.0", "-1.0", "-1.0", "-1.0", "-1.0"], ["-1.0", "-1.0", "-1.0", "-1.0", "-1.0", "-1.0"], ["-1.0", "-1.0", "-1.0", "-1.0", "-1.0", "-1.0"], ["-1.0", "-1.0", "-1.0", "-1.0", "-1.0", "-1.0"], ["-1.0", "-1.0", "-1.0", "-1.0", "-1.0", "-1.0"], ["-1.0", "-1.0", "-1.0", "-1.0", "-1.0", "-1.0"], ["-1.0", "-1.0", "-1.0", "-1.0", "-1.0", "-1.0"], ["-1.0", "-1.0", "-1.0", "-1.0", "-1.0", "-1.0"], ["-1.0", "-1.0", "-1.0", "-1.0", "-1.0", "-1.0"], ["-1.0", "-1.0", "-1.0", "-1.0", "-1.0", "-1.0"], ["-1.0", "-1.0", "-1.0", "-1.0", "-1.0", "-1.0"], ["-1.0", "-1.0", "-1.0", "-1.0", "-1.0", "-1.0"], ["-1.0", "-1.0", "-1.0", "-1.0", "-1.0", "-1.0"], ["-1.0", "-1.0", "-1.0", "-1.0", "-1.0", "-1.0"], ["-1.0", "-1.0", "-1.0", "-1.0", "-1.0", "-1.0"], ["-1.0", "-1.0", "-1.0", "-1.0", "-1.0", "-1.0"], ["-1.0", "-1.0", "-1.0", "-1.0", "-1.0", "-1.0"], ["-1.0", "-1.0", "-1.0", "-1.0", "-1.0", "-1.0"], ["-1.0", "-1.0", "-1.0", "-1.0", "-1.0", "-1.0"], ["-1.0", "-1.0", "-1.0", "-1.0", "-1.0", "-1.0"], ["-1.0", "-1.0", "-1.0", "-1.0", "-1.0", "-1.0"], ["-1.0", "-1.0", "-1.0", "-1.0", "-1.0", "-1.0"], ["-1.0", "-1.0", "-1.0", "-1.0", "-1.0", "-1.0"], ["-1.0", "-1.0", "-1.0", "-1.0", "-1.0", "-1.0"], ["-1.0", "-1.0", "-1.0", "-1.0", "-1.0", "-1.0"], ["-1.0", "-1.0", "-1.0", "-1.0", "-1.0", "-1.0"], ["-1.0", "-1.0", "-1.0", "-1.0", "-1.0", "-1.0"], ["-1.0", "-1.0", "-1.0", "-1.0", "-1.0", "-1.0"], ["-1.0", "-1.0", "-1.0", "-1.0", "-1.0", "-1.0"], ["-1.0", "-1.0", "-1.0", "-1.0", "-1.0", "-1.0"], ["-1.0", "-1.0", "-1.0", "-1.0", "-1.0", "-1.0"]]}, {"obj_ids": ["hand_2", "cup_1"], "rel_list": [["-1.0", "-1.0", "-1.0", "-1.0", "-1.0", "-1.0"], ["-1.0", "-1.0", "-1.0", "-1.0", "-1.0", "-1.0"], ["-1.0", "-1.0", "-1.0", "-1.0", "-1.0", "-1.0"], ["-1.0", "-1.0", "-1.0", "-1.0", "-1.0", "-1.0"], ["-1.0", "-1.0", "-1.0", "-1.0", "-1.0", "-1.0"], ["-1.0", "-1.0", "-1.0", "-1.0", "-1.0", "-1.0"], ["-1.0", "-1.0", "-1.0", "-1.0", "-1.0", "-1.0"], ["-1.0", "-1.0", "-1.0", "-1.0", "-1.0", "-1.0"], ["-1.0", "-1.0", "-1.0", "-1.0", "-1.0", "-1.0"], ["-1.0", "-1.0", "-1.0", "-1.0", "-1.0", "-1.0"], ["-1.0", "-1.0", "-1.0", "-1.0", "-1.0", "-1.0"], ["-1.0", "-1.0", "-1.0", "-1.0", "-1.0", "-1.0"], ["-1.0", "-1.0", "-1.0", "-1.0", "-1.0", "-1.0"], ["-1.0", "-1.0", "-1.0", "-1.0", "-1.0", "-1.0"], ["-1.0", "-1.0", "-1.0", "-1.0", "-1.0", "-1.0"], ["-1.0", "-1.0", "-1.0", "-1.0", "-1.0", "-1.0"], ["-1.0", "-1.0", "-1.0", "-1.0", "-1.0", "-1.0"], ["-1.0", "-1.0", "-1.0", "-1.0", "-1.0", "-1.0"], ["-1.0", "-1.0", "-1.0", "-1.0", "-1.0", "-1.0"], ["-1.0", "-1.0", "-1.0", "-1.0", "-1.0", "-1.0"], ["-1.0", "-1.0", "-1.0", "-1.0", "-1.0", "-1.0"], ["-1.0", "-1.0", "-1.0", "-1.0", "-1.0", "-1.0"], ["-1.0", "-1.0", "-1.0", "-1.0", "-1.0", "-1.0"], ["-1.0", "-1.0", "-1.0", "-1.0", "-1.0", "-1.0"], ["-1.0", "-1.0", "-1.0", "-1.0", "-1.0", "-1.0"], ["-1.0", "-1.0", "-1.0", "-1.0", "-1.0", "-1.0"], ["-1.0", "-1.0", "-1.0", "-1.0", "-1.0", "-1.0"], ["-1.0", "-1.0", "-1.0", "-1.0", "-1.0", "-1.0"], ["-1.0", "-1.0", "-1.0", "-1.0", "-1.0", "-1.0"], ["-1.0", "-1.0", "-1.0", "-1.0", "-1.0", "-1.0"], ["-1.0", "-1.0", "-1.0", "-1.0", "-1.0", "-1.0"], ["-1.0", "-1.0", "-1.0", "-1.0", "-1.0", "-1.0"], ["-1.0", "-1.0", "-1.0", "-1.0", "-1.0", "-1.0"], ["-1.0", "-1.0", "-1.0", "-1.0", "-1.0", "-1.0"], ["-1.0", "-1.0", "-1.0", "-1.0", "-1.0", "-1.0"], ["-1.0", "-1.0", "-1.0", "-1.0", "-1.0", "-1.0"], ["-1.0", "-1.0", "-1.0", "-1.0", "-1.0", "-1.0"], ["-1.0", "-1.0", "-1.0", "-1.0", "-1.0", "-1.0"]]}, {"obj_ids": ["hand_2", "box_2"], "rel_list": [["0.00000", "1.00000", "0.00000", "0.00000", "0.00000", "0.00000"], ["0.00000", "1.00000", "0.00000", "0.00000", "0.00000", "0.00000"], ["0.00000", "1.00000", "0.00000", "0.00000", "0.00000", "0.00000"], ["0.00000", "1.00000", "0.00000", "0.00000", "0.00000", "0.00000"], ["0.00000", "1.00000", "0.00000", "0.00000", "0.00000", "0.00000"], ["0.00000", "1.00000", "0.00000", "0.00000", "0.00000", "0.00000"], ["0.00000", "1.00000", "0.00000", "0.00000", "0.00000", "0.00000"], ["0.00000", "1.00000", "0.00000", "0.00000", "0.00000", "0.00000"], ["0.00000", "1.00000", "0.00000", "0.00000", "0.00000", "0.00000"], ["0.00000", "1.00000", "0.00000", "0.00000", "0.00000", "0.00000"], ["0.00000", "1.00000", "0.00000", "0.00000", "0.00000", "0.00000"], ["0.00000", "1.00000", "0.00000", "0.00000", "0.00000", "0.00000"], ["0.00000", "1.00000", "0.00000", "0.00000", "0.00000", "0.00000"], ["0.00000", "1.00000", "0.00000", "0.00000", "0.00000", "0.00000"], ["0.00000", "1.00000", "0.00000", "0.00000", "0.00000", "0.00000"], ["0.00000", "1.00000", "0.00000", "0.00000", "0.00000", "0.00000"], ["0.00000", "1.00000", "0.00000", "0.00000", "0.00000", "0.00000"], ["0.00000", "1.00000", "0.00000", "0.00000", "0.00000", "0.00000"], ["0.00000", "1.00000", "0.00000", "0.00000", "0.00000", "0.00000"], ["0.00000", "1.00000", "0.00000", "0.00000", "0.00000", "0.00000"], ["0.00000", "1.00000", "0.00000", "0.00000", "0.00000", "0.00000"], ["0.00000", "1.00000", "0.00000", "0.00000", "0.00000", "0.00000"], ["0.00000", "1.00000", "0.00000", "0.00000", "0.00000", "0.00000"], ["0.00000", "1.00000", "0.00000", "0.00000", "0.00000", "0.00000"], ["0.00000", "1.00000", "0.00000", "0.00000", "0.00000", "0.00000"], ["0.00000", "1.00000", "0.00000", "0.00000", "0.00000", "0.00000"], ["0.00000", "1.00000", "0.00000", "0.00000", "0.00000", "0.00000"], ["0.00000", "1.00000", "0.00000", "0.00000", "0.00000", "0.00000"], ["0.00000", "1.00000", "0.00000", "0.00000", "0.00000", "0.00000"], ["0.00000", "1.00000", "0.00000", "0.00000", "0.00000", "0.00000"], ["0.00000", "1.00000", "0.00000", "0.00000", "0.00000", "0.00000"], ["0.00000", "1.00000", "0.00000", "0.00000", "0.00000", "0.00000"], ["0.00000", "1.00000", "0.00000", "0.00000", "0.00000", "0.00000"], ["0.00000", "1.00000", "0.00000", "0.00000", "0.00000", "0.00000"], ["0.00000", "1.00000", "0.00000", "0.00000", "0.00000", "0.00000"], ["0.00000", "1.00000", "0.00000", "0.00000", "0.00000", "0.00000"], ["0.00000", "1.00000", "0.00000", "0.00000", "0.00000", "0.00000"], ["0.00000", "1.00000", "0.00000", "0.00000", "0.00000", "0.00000"], ["0.00000", "1.00000", "0.00000", "0.00000", "0.00000", "0.00000"], ["0.00000", "1.00000", "0.00000", "0.00000", "0.00000", "0.00000"], ["0.00000", "1.00000", "0.00000", "0.00000", "0.00000", "0.00000"], ["0.00000", "1.00000", "0.00000", "0.00000", "0.00000", "0.00000"], ["0.00000", "1.00000", "0.00000", "0.00000", "0.00000", "0.00000"], ["0.00000", "1.00000", "0.00000", "0.00000", "0.00000", "0.00000"], ["0.00000", "1.00000", "0.00000", "0.00000", "0.00000", "0.00000"], ["0.00000", "1.00000", "0.00000", "0.00000", "0.00000", "0.00000"], ["0.00000", "1.00000", "0.00000", "0.00000", "0.00000", "0.00000"], ["0.00000", "1.00000", "0.00000", "0.00000", "0.00000", "0.00000"], ["0.00000", "1.00000", "0.00000", "0.00000", "0.00000", "0.00000"], ["0.00000", "1.00000", "0.00000", "0.00000", "0.00000", "0.00000"], ["0.00000", "1.00000", "0.00000", "0.00000", "0.00000", "0.00000"], ["0.00000", "1.00000", "0.00000", "0.00000", "0.00000", "0.00000"], ["0.00000", "1.00000", "0.00000", "0.00000", "0.00000", "0.00000"], ["0.00000", "1.00000", "0.00000", "0.00000", "0.00000", "0.00000"], ["0.00000", "1.00000", "0.00000", "0.00000", "0.00000", "0.00000"], ["0.00000", "1.00000", "0.00000", "0.00000", "0.00000", "0.00000"], ["0.00000", "1.00000", "0.00000", "0.00000", "0.00000", "0.00000"], ["0.00000", "1.00000", "0.00000", "0.00000", "0.00000", "0.00000"], ["0.00000", "1.00000", "0.00000", "0.00000", "0.00000", "0.00000"], ["0.00000", "1.00000", "0.00000", "0.00000", "0.00000", "0.00000"], ["0.00000", "1.00000", "0.00000", "0.00000", "0.00000", "0.00000"], ["0.00000", "1.00000", "0.00000", "0.00000", "0.00000", "0.00000"], ["0.00000", "1.00000", "0.00000", "0.00000", "0.00000", "0.00000"], ["0.00000", "1.00000", "0.00000", "0.00000", "0.00000", "0.00000"], ["0.00000", "1.00000", "0.00000", "0.00000", "0.00000", "0.00000"], ["0.00000", "1.00000", "0.00000", "0.00000", "0.00000", "0.00000"], ["0.00000", "1.00000", "0.00000", "0.00000", "0.00000", "0.00000"], ["0.00000", "1.00000", "0.00000", "0.00000", "0.00000", "0.00000"], ["0.00000", "1.00000", "0.00000", "0.00000", "0.00000", "0.00000"], ["0.00000", "1.00000", "0.00000", "0.00000", "0.00000", "0.00000"], ["0.00000", "1.00000", "0.00000", "0.00000", "0.00000", "0.00000"], ["0.00000", "1.00000", "0.00000", "0.00000", "0.00000", "0.00000"], ["0.00000", "1.00000", "0.00000", "0.00000", "0.00000", "0.00000"], ["0.00000", "1.00000", "0.00000", "0.00000", "0.00000", "0.00000"], ["0.00000", "1.00000", "0.00000", "0.00000", "0.00000", "0.00000"], ["0.00000", "1.00000", "0.00000", "0.00000", "0.00000", "0.00000"]]}, {"obj_ids": ["hand_2", "box_1"], "rel_list": [["0.00000", "0.99998", "0.00000", "0.00000", "0.00000", "0.00002"], ["0.00000", "0.99998", "0.00000", "0.00000", "0.00000", "0.00002"], ["0.00000", "0.99999", "0.00000", "0.00000", "0.00000", "0.00001"], ["0.00000", "0.99999", "0.00000", "0.00000", "0.00000", "0.00001"], ["0.00019", "0.99971", "0.00000", "0.00000", "0.00000", "0.00010"], ["0.00019", "0.99971", "0.00000", "0.00000", "0.00000", "0.00010"], ["0.00000", "1.00000", "0.00000", "0.00000", "0.00000", "0.00000"], ["0.00000", "1.00000", "0.00000", "0.00000", "0.00000", "0.00000"], ["0.00000", "1.00000", "0.00000", "0.00000", "0.00000", "0.00000"], ["0.00000", "1.00000", "0.00000", "0.00000", "0.00000", "0.00000"], ["0.00004", "0.99993", "0.00000", "0.00000", "0.00000", "0.00003"], ["0.00004", "0.99993", "0.00000", "0.00000", "0.00000", "0.00003"], ["0.00000", "0.99999", "0.00000", "0.00000", "0.00000", "0.00001"], ["0.00000", "0.99999", "0.00000", "0.00000", "0.00000", "0.00001"], ["0.00001", "0.99993", "0.00000", "0.00000", "0.00000", "0.00005"], ["0.00001", "0.99993", "0.00000", "0.00000", "0.00000", "0.00005"], ["0.00007", "0.99969", "0.00000", "0.00006", "0.00000", "0.00018"], ["0.00007", "0.99969", "0.00000", "0.00006", "0.00000", "0.00018"], ["0.00003", "0.99993", "0.00000", "0.00001", "0.00000", "0.00003"], ["0.00003", "0.99993", "0.00000", "0.00001", "0.00000", "0.00003"], ["0.00004", "0.99987", "0.00000", "0.00000", "0.00000", "0.00009"], ["0.00004", "0.99987", "0.00000", "0.00000", "0.00000", "0.00009"], ["0.00001", "0.99996", "0.00000", "0.00001", "0.00000", "0.00002"], ["0.00001", "0.99996", "0.00000", "0.00001", "0.00000", "0.00002"], ["0.00004", "0.99994", "0.00000", "0.00000", "0.00000", "0.00002"], ["0.00004", "0.99994", "0.00000", "0.00000", "0.00000", "0.00002"], ["0.00008", "0.99987", "0.00000", "0.00001", "0.00000", "0.00004"], ["0.00008", "0.99987", "0.00000", "0.00001", "0.00000", "0.00004"], ["0.00006", "0.99991", "0.00000", "0.00001", "0.00000", "0.00002"], ["0.00006", "0.99991", "0.00000", "0.00001", "0.00000", "0.00002"], ["0.00011", "0.99980", "0.00000", "0.00001", "0.00000", "0.00008"], ["0.00011", "0.99980", "0.00000", "0.00001", "0.00000", "0.00008"], ["0.00033", "0.99942", "0.00000", "0.00002", "0.00000", "0.00023"], ["0.00033", "0.99942", "0.00000", "0.00002", "0.00000", "0.00023"], ["0.00003", "0.99993", "0.00000", "0.00000", "0.00000", "0.00003"], ["0.00003", "0.99993", "0.00000", "0.00000", "0.00000", "0.00003"], ["0.00002", "0.99992", "0.00000", "0.00000", "0.00000", "0.00005"], ["0.00002", "0.99992", "0.00000", "0.00000", "0.00000", "0.00005"], ["0.00005", "0.99986", "0.00000", "0.00002", "0.00000", "0.00008"], ["0.00005", "0.99986", "0.00000", "0.00002", "0.00000", "0.00008"], ["0.00001", "0.99995", "0.00000", "0.00000", "0.00000", "0.00003"], ["0.00001", "0.99995", "0.00000", "0.00000", "0.00000", "0.00003"], ["0.00002", "0.99993", "0.00000", "0.00000", "0.00000", "0.00005"], ["0.00002", "0.99993", "0.00000", "0.00000", "0.00000", "0.00005"], ["0.00011", "0.99981", "0.00000", "0.00001", "0.00000", "0.00007"], ["0.00011", "0.99981", "0.00000", "0.00001", "0.00000", "0.00007"], ["0.00010", "0.99982", "0.00000", "0.00002", "0.00000", "0.00006"], ["0.00010", "0.99982", "0.00000", "0.00002", "0.00000", "0.00006"], ["0.00011", "0.99980", "0.00000", "0.00000", "0.00000", "0.00008"], ["0.00011", "0.99980", "0.00000", "0.00000", "0.00000", "0.00008"], ["0.00021", "0.99963", "0.00000", "0.00000", "0.00000", "0.00016"], ["0.00021", "0.99963", "0.00000", "0.00000", "0.00000", "0.00016"], ["0.00016", "0.99969", "0.00000", "0.00000", "0.00000", "0.00014"], ["0.00016", "0.99969", "0.00000", "0.00000", "0.00000", "0.00014"], ["0.00036", "0.99946", "0.00000", "0.00001", "0.00000", "0.00018"], ["0.00036", "0.99946", "0.00000", "0.00001", "0.00000", "0.00018"], ["0.00021", "0.99965", "0.00000", "0.00002", "0.00000", "0.00013"], ["0.00021", "0.99965", "0.00000", "0.00002", "0.00000", "0.00013"], ["0.00031", "0.99945", "0.00000", "0.00001", "0.00000", "0.00024"], ["0.00031", "0.99945", "0.00000", "0.00001", "0.00000", "0.00024"], ["0.00181", "0.99754", "0.00000", "0.00010", "0.00000", "0.00055"], ["0.00181", "0.99754", "0.00000", "0.00010", "0.00000", "0.00055"], ["0.00054", "0.99904", "0.00000", "0.00006", "0.00000", "0.00035"], ["0.00054", "0.99904", "0.00000", "0.00006", "0.00000", "0.00035"], ["0.00022", "0.99966", "0.00000", "0.00001", "0.00000", "0.00011"], ["0.00022", "0.99966", "0.00000", "0.00001", "0.00000", "0.00011"], ["0.00082", "0.99882", "0.00000", "0.00002", "0.00000", "0.00035"], ["0.00082", "0.99882", "0.00000", "0.00002", "0.00000", "0.00035"], ["0.00500", "0.99289", "0.00000", "0.00004", "0.00000", "0.00207"], ["0.00500", "0.99289", "0.00000", "0.00004", "0.00000", "0.00207"], ["0.00079", "0.99823", "0.00000", "0.00002", "0.00000", "0.00095"], ["0.00079", "0.99823", "0.00000", "0.00002", "0.00000", "0.00095"], ["0.00215", "0.99690", "0.00000", "0.00003", "0.00000", "0.00092"], ["0.00215", "0.99690", "0.00000", "0.00003", "0.00000", "0.00092"], ["0.00023", "0.99945", "0.00000", "0.00010", "0.00000", "0.00023"], ["0.00023", "0.99945", "0.00000", "0.00010", "0.00000", "0.00023"]]}, {"obj_ids": ["hand_2", "bottle_1"], "rel_list": [["-1.0", "-1.0", "-1.0", "-1.0", "-1.0", "-1.0"], ["-1.0", "-1.0", "-1.0", "-1.0", "-1.0", "-1.0"], ["-1.0", "-1.0", "-1.0", "-1.0", "-1.0", "-1.0"], ["-1.0", "-1.0", "-1.0", "-1.0", "-1.0", "-1.0"], ["-1.0", "-1.0", "-1.0", "-1.0", "-1.0", "-1.0"], ["-1.0", "-1.0", "-1.0", "-1.0", "-1.0", "-1.0"], ["-1.0", "-1.0", "-1.0", "-1.0", "-1.0", "-1.0"], ["-1.0", "-1.0", "-1.0", "-1.0", "-1.0", "-1.0"], ["-1.0", "-1.0", "-1.0", "-1.0", "-1.0", "-1.0"], ["-1.0", "-1.0", "-1.0", "-1.0", "-1.0", "-1.0"], ["-1.0", "-1.0", "-1.0", "-1.0", "-1.0", "-1.0"], ["-1.0", "-1.0", "-1.0", "-1.0", "-1.0", "-1.0"], ["-1.0", "-1.0", "-1.0", "-1.0", "-1.0", "-1.0"], ["-1.0", "-1.0", "-1.0", "-1.0", "-1.0", "-1.0"], ["-1.0", "-1.0", "-1.0", "-1.0", "-1.0", "-1.0"], ["-1.0", "-1.0", "-1.0", "-1.0", "-1.0", "-1.0"], ["-1.0", "-1.0", "-1.0", "-1.0", "-1.0", "-1.0"], ["-1.0", "-1.0", "-1.0", "-1.0", "-1.0", "-1.0"], ["-1.0", "-1.0", "-1.0", "-1.0", "-1.0", "-1.0"], ["-1.0", "-1.0", "-1.0", "-1.0", "-1.0", "-1.0"], ["-1.0", "-1.0", "-1.0", "-1.0", "-1.0", "-1.0"], ["-1.0", "-1.0", "-1.0", "-1.0", "-1.0", "-1.0"], ["-1.0", "-1.0", "-1.0", "-1.0", "-1.0", "-1.0"], ["-1.0", "-1.0", "-1.0", "-1.0", "-1.0", "-1.0"], ["-1.0", "-1.0", "-1.0", "-1.0", "-1.0", "-1.0"], ["-1.0", "-1.0", "-1.0", "-1.0", "-1.0", "-1.0"], ["-1.0", "-1.0", "-1.0", "-1.0", "-1.0", "-1.0"], ["-1.0", "-1.0", "-1.0", "-1.0", "-1.0", "-1.0"], ["-1.0", "-1.0", "-1.0", "-1.0", "-1.0", "-1.0"], ["-1.0", "-1.0", "-1.0", "-1.0", "-1.0", "-1.0"], ["-1.0", "-1.0", "-1.0", "-1.0", "-1.0", "-1.0"], ["-1.0", "-1.0", "-1.0", "-1.0", "-1.0", "-1.0"], ["-1.0", "-1.0", "-1.0", "-1.0", "-1.0", "-1.0"], ["-1.0", "-1.0", "-1.0", "-1.0", "-1.0", "-1.0"], ["-1.0", "-1.0", "-1.0", "-1.0", "-1.0", "-1.0"], ["-1.0", "-1.0", "-1.0", "-1.0", "-1.0", "-1.0"], ["-1.0", "-1.0", "-1.0", "-1.0", "-1.0", "-1.0"], ["-1.0", "-1.0", "-1.0", "-1.0", "-1.0", "-1.0"]]}, {"obj_ids": ["hand_1", "cup_1"], "rel_list": [["-1.0", "-1.0", "-1.0", "-1.0", "-1.0", "-1.0"], ["-1.0", "-1.0", "-1.0", "-1.0", "-1.0", "-1.0"], ["-1.0", "-1.0", "-1.0", "-1.0", "-1.0", "-1.0"], ["-1.0", "-1.0", "-1.0", "-1.0", "-1.0", "-1.0"], ["-1.0", "-1.0", "-1.0", "-1.0", "-1.0", "-1.0"], ["-1.0", "-1.0", "-1.0", "-1.0", "-1.0", "-1.0"], ["-1.0", "-1.0", "-1.0", "-1.0", "-1.0", "-1.0"], ["-1.0", "-1.0", "-1.0", "-1.0", "-1.0", "-1.0"], ["-1.0", "-1.0", "-1.0", "-1.0", "-1.0", "-1.0"], ["-1.0", "-1.0", "-1.0", "-1.0", "-1.0", "-1.0"], ["-1.0", "-1.0", "-1.0", "-1.0", "-1.0", "-1.0"], ["-1.0", "-1.0", "-1.0", "-1.0", "-1.0", "-1.0"], ["-1.0", "-1.0", "-1.0", "-1.0", "-1.0", "-1.0"], ["-1.0", "-1.0", "-1.0", "-1.0", "-1.0", "-1.0"], ["-1.0", "-1.0", "-1.0", "-1.0", "-1.0", "-1.0"], ["-1.0", "-1.0", "-1.0", "-1.0", "-1.0", "-1.0"], ["-1.0", "-1.0", "-1.0", "-1.0", "-1.0", "-1.0"], ["-1.0", "-1.0", "-1.0", "-1.0", "-1.0", "-1.0"], ["-1.0", "-1.0", "-1.0", "-1.0", "-1.0", "-1.0"], ["-1.0", "-1.0", "-1.0", "-1.0", "-1.0", "-1.0"], ["-1.0", "-1.0", "-1.0", "-1.0", "-1.0", "-1.0"], ["-1.0", "-1.0", "-1.0", "-1.0", "-1.0", "-1.0"], ["-1.0", "-1.0", "-1.0", "-1.0", "-1.0", "-1.0"], ["-1.0", "-1.0", "-1.0", "-1.0", "-1.0", "-1.0"], ["-1.0", "-1.0", "-1.0", "-1.0", "-1.0", "-1.0"], ["-1.0", "-1.0", "-1.0", "-1.0", "-1.0", "-1.0"], ["-1.0", "-1.0", "-1.0", "-1.0", "-1.0", "-1.0"], ["-1.0", "-1.0", "-1.0", "-1.0", "-1.0", "-1.0"], ["-1.0", "-1.0", "-1.0", "-1.0", "-1.0", "-1.0"], ["-1.0", "-1.0", "-1.0", "-1.0", "-1.0", "-1.0"], ["-1.0", "-1.0", "-1.0", "-1.0", "-1.0", "-1.0"], ["-1.0", "-1.0", "-1.0", "-1.0", "-1.0", "-1.0"], ["-1.0", "-1.0", "-1.0", "-1.0", "-1.0", "-1.0"], ["-1.0", "-1.0", "-1.0", "-1.0", "-1.0", "-1.0"], ["-1.0", "-1.0", "-1.0", "-1.0", "-1.0", "-1.0"], ["-1.0", "-1.0", "-1.0", "-1.0", "-1.0", "-1.0"], ["-1.0", "-1.0", "-1.0", "-1.0", "-1.0", "-1.0"], ["-1.0", "-1.0", "-1.0", "-1.0", "-1.0", "-1.0"]]}, {"obj_ids": ["hand_1", "box_2"], "rel_list": [["0.00001", "0.99974", "0.00000", "0.00000", "0.00000", "0.00025"], ["0.00001", "0.99974", "0.00000", "0.00000", "0.00000", "0.00025"], ["0.00000", "0.99893", "0.00000", "0.00000", "0.00000", "0.00106"], ["0.00000", "0.99893", "0.00000", "0.00000", "0.00000", "0.00106"], ["0.00000", "0.99866", "0.00000", "0.00000", "0.00000", "0.00133"], ["0.00000", "0.99866", "0.00000", "0.00000", "0.00000", "0.00133"], ["0.00000", "0.99497", "0.00000", "0.00000", "0.00000", "0.00503"], ["0.00000", "0.99497", "0.00000", "0.00000", "0.00000", "0.00503"], ["0.00000", "0.99731", "0.00000", "0.00000", "0.00000", "0.00268"], ["0.00000", "0.99731", "0.00000", "0.00000", "0.00000", "0.00268"], ["0.00005", "0.98415", "0.00001", "0.00001", "0.00000", "0.01577"], ["0.00005", "0.98415", "0.00001", "0.00001", "0.00000", "0.01577"], ["0.00006", "0.98693", "0.00000", "0.00003", "0.00000", "0.01297"], ["0.00006", "0.98693", "0.00000", "0.00003", "0.00000", "0.01297"], ["0.00046", "0.67217", "0.00006", "0.00010", "0.00004", "0.32717"], ["0.00046", "0.67217", "0.00006", "0.00010", "0.00004", "0.32717"], ["0.00095", "0.46457", "0.00018", "0.00010", "0.00010", "0.53411"], ["0.00095", "0.46457", "0.00018", "0.00010", "0.00010", "0.53411"], ["0.00720", "0.61614", "0.00063", "0.00028", "0.00051", "0.37525"], ["0.00720", "0.61614", "0.00063", "0.00028", "0.00051", "0.37525"], ["0.00553", "0.77590", "0.00060", "0.00015", "0.00036", "0.21746"], ["0.00553", "0.77590", "0.00060", "0.00015", "0.00036", "0.21746"], ["0.00242", "0.74837", "0.00013", "0.00005", "0.00019", "0.24883"], ["0.00242", "0.74837", "0.00013", "0.00005", "0.00019", "0.24883"], ["0.01366", "0.68225", "0.00118", "0.00016", "0.00092", "0.30183"], ["0.01366", "0.68225", "0.00118", "0.00016", "0.00092", "0.30183"], ["0.00734", "0.69028", "0.00022", "0.00012", "0.00031", "0.30173"], ["0.00734", "0.69028", "0.00022", "0.00012", "0.00031", "0.30173"], ["0.00306", "0.47461", "0.00027", "0.00008", "0.00046", "0.52151"], ["0.00306", "0.47461", "0.00027", "0.00008", "0.00046", "0.52151"], ["0.00284", "0.75041", "0.00011", "0.00003", "0.00013", "0.24648"], ["0.00284", "0.75041", "0.00011", "0.00003", "0.00013", "0.24648"], ["0.00523", "0.64044", "0.00046", "0.00013", "0.00043", "0.35331"], ["0.00523", "0.64044", "0.00046", "0.00013", "0.00043", "0.35331"], ["0.00046", "0.90965", "0.00002", "0.00002", "0.00002", "0.08981"], ["0.00046", "0.90965", "0.00002", "0.00002", "0.00002", "0.08981"], ["0.00095", "0.84770", "0.00004", "0.00002", "0.00003", "0.15125"], ["0.00095", "0.84770", "0.00004", "0.00002", "0.00003", "0.15125"], ["0.00043", "0.84543", "0.00005", "0.00007", "0.00004", "0.15398"], ["0.00043", "0.84543", "0.00005", "0.00007", "0.00004", "0.15398"], ["0.00052", "0.86492", "0.00003", "0.00004", "0.00003", "0.13445"], ["0.00052", "0.86492", "0.00003", "0.00004", "0.00003", "0.13445"], ["0.00097", "0.90868", "0.00009", "0.00014", "0.00006", "0.09006"], ["0.00097", "0.90868", "0.00009", "0.00014", "0.00006", "0.09006"], ["0.00044", "0.90811", "0.00003", "0.00002", "0.00002", "0.09137"], ["0.00044", "0.90811", "0.00003", "0.00002", "0.00002", "0.09137"], ["0.00126", "0.84139", "0.00007", "0.00003", "0.00007", "0.15718"], ["0.00126", "0.84139", "0.00007", "0.00003", "0.00007", "0.15718"], ["0.00507", "0.90378", "0.00016", "0.00015", "0.00019", "0.09065"], ["0.00507", "0.90378", "0.00016", "0.00015", "0.00019", "0.09065"], ["0.00049", "0.93416", "0.00004", "0.00007", "0.00003", "0.06521"], ["0.00049", "0.93416", "0.00004", "0.00007", "0.00003", "0.06521"], ["0.00051", "0.96430", "0.00005", "0.00003", "0.00004", "0.03508"], ["0.00051", "0.96430", "0.00005", "0.00003", "0.00004", "0.03508"], ["0.00470", "0.84217", "0.00017", "0.00017", "0.00047", "0.15232"], ["0.00470", "0.84217", "0.00017", "0.00017", "0.00047", "0.15232"], ["0.00106", "0.82447", "0.00011", "0.00006", "0.00010", "0.17419"], ["0.00106", "0.82447", "0.00011", "0.00006", "0.00010", "0.17419"], ["0.00678", "0.80847", "0.00020", "0.00010", "0.00018", "0.18427"], ["0.00678", "0.80847", "0.00020", "0.00010", "0.00018", "0.18427"], ["0.00588", "0.72439", "0.00033", "0.00009", "0.00037", "0.26893"], ["0.00588", "0.72439", "0.00033", "0.00009", "0.00037", "0.26893"], ["0.00411", "0.94726", "0.00012", "0.00004", "0.00020", "0.04826"], ["0.00411", "0.94726", "0.00012", "0.00004", "0.00020", "0.04826"], ["0.00093", "0.71320", "0.00008", "0.00001", "0.00009", "0.28569"], ["0.00093", "0.71320", "0.00008", "0.00001", "0.00009", "0.28569"], ["0.00208", "0.20935", "0.00037", "0.00002", "0.00024", "0.78794"], ["0.00208", "0.20935", "0.00037", "0.00002", "0.00024", "0.78794"], ["0.00107", "0.79370", "0.00004", "0.00001", "0.00002", "0.20515"], ["0.00107", "0.79370", "0.00004", "0.00001", "0.00002", "0.20515"], ["0.00030", "0.90212", "0.00001", "0.00000", "0.00001", "0.09756"], ["0.00030", "0.90212", "0.00001", "0.00000", "0.00001", "0.09756"], ["0.00066", "0.44402", "0.00007", "0.00001", "0.00005", "0.55519"], ["0.00066", "0.44402", "0.00007", "0.00001", "0.00005", "0.55519"], ["0.00144", "0.86777", "0.00006", "0.00001", "0.00005", "0.13067"], ["0.00144", "0.86777", "0.00006", "0.00001", "0.00005", "0.13067"]]}, {"obj_ids": ["hand_1", "box_1"], "rel_list": [["1.00000", "0.00000", "0.00000", "0.00000", "0.00000", "0.00000"], ["1.00000", "0.00000", "0.00000", "0.00000", "0.00000", "0.00000"], ["1.00000", "0.00000", "0.00000", "0.00000", "0.00000", "0.00000"], ["1.00000", "0.00000", "0.00000", "0.00000", "0.00000", "0.00000"], ["1.00000", "0.00000", "0.00000", "0.00000", "0.00000", "0.00000"], ["1.00000", "0.00000", "0.00000", "0.00000", "0.00000", "0.00000"], ["1.00000", "0.00000", "0.00000", "0.00000", "0.00000", "0.00000"], ["1.00000", "0.00000", "0.00000", "0.00000", "0.00000", "0.00000"], ["1.00000", "0.00000", "0.00000", "0.00000", "0.00000", "0.00000"], ["1.00000", "0.00000", "0.00000", "0.00000", "0.00000", "0.00000"], ["1.00000", "0.00000", "0.00000", "0.00000", "0.00000", "0.00000"], ["1.00000", "0.00000", "0.00000", "0.00000", "0.00000", "0.00000"], ["1.00000", "0.00000", "0.00000", "0.00000", "0.00000", "0.00000"], ["1.00000", "0.00000", "0.00000", "0.00000", "0.00000", "0.00000"], ["1.00000", "0.00000", "0.00000", "0.00000", "0.00000", "0.00000"], ["1.00000", "0.00000", "0.00000", "0.00000", "0.00000", "0.00000"], ["1.00000", "0.00000", "0.00000", "0.00000", "0.00000", "0.00000"], ["1.00000", "0.00000", "0.00000", "0.00000", "0.00000", "0.00000"], ["1.00000", "0.00000", "0.00000", "0.00000", "0.00000", "0.00000"], ["1.00000", "0.00000", "0.00000", "0.00000", "0.00000", "0.00000"], ["1.00000", "0.00000", "0.00000", "0.00000", "0.00000", "0.00000"], ["1.00000", "0.00000", "0.00000", "0.00000", "0.00000", "0.00000"], ["1.00000", "0.00000", "0.00000", "0.00000", "0.00000", "0.00000"], ["1.00000", "0.00000", "0.00000", "0.00000", "0.00000", "0.00000"], ["1.00000", "0.00000", "0.00000", "0.00000", "0.00000", "0.00000"], ["1.00000", "0.00000", "0.00000", "0.00000", "0.00000", "0.00000"], ["1.00000", "0.00000", "0.00000", "0.00000", "0.00000", "0.00000"], ["1.00000", "0.00000", "0.00000", "0.00000", "0.00000", "0.00000"], ["1.00000", "0.00000", "0.00000", "0.00000", "0.00000", "0.00000"], ["1.00000", "0.00000", "0.00000", "0.00000", "0.00000", "0.00000"], ["0.99999", "0.00001", "0.00000", "0.00000", "0.00000", "0.00000"], ["0.99999", "0.00001", "0.00000", "0.00000", "0.00000", "0.00000"], ["1.00000", "0.00000", "0.00000", "0.00000", "0.00000", "0.00000"], ["1.00000", "0.00000", "0.00000", "0.00000", "0.00000", "0.00000"], ["1.00000", "0.00000", "0.00000", "0.00000", "0.00000", "0.00000"], ["1.00000", "0.00000", "0.00000", "0.00000", "0.00000", "0.00000"], ["1.00000", "0.00000", "0.00000", "0.00000", "0.00000", "0.00000"], ["1.00000", "0.00000", "0.00000", "0.00000", "0.00000", "0.00000"], ["1.00000", "0.00000", "0.00000", "0.00000", "0.00000", "0.00000"], ["1.00000", "0.00000", "0.00000", "0.00000", "0.00000", "0.00000"], ["1.00000", "0.00000", "0.00000", "0.00000", "0.00000", "0.00000"], ["1.00000", "0.00000", "0.00000", "0.00000", "0.00000", "0.00000"], ["1.00000", "0.00000", "0.00000", "0.00000", "0.00000", "0.00000"], ["1.00000", "0.00000", "0.00000", "0.00000", "0.00000", "0.00000"], ["1.00000", "0.00000", "0.00000", "0.00000", "0.00000", "0.00000"], ["1.00000", "0.00000", "0.00000", "0.00000", "0.00000", "0.00000"], ["1.00000", "0.00000", "0.00000", "0.00000", "0.00000", "0.00000"], ["1.00000", "0.00000", "0.00000", "0.00000", "0.00000", "0.00000"], ["1.00000", "0.00000", "0.00000", "0.00000", "0.00000", "0.00000"], ["1.00000", "0.00000", "0.00000", "0.00000", "0.00000", "0.00000"], ["1.00000", "0.00000", "0.00000", "0.00000", "0.00000", "0.00000"], ["1.00000", "0.00000", "0.00000", "0.00000", "0.00000", "0.00000"], ["1.00000", "0.00000", "0.00000", "0.00000", "0.00000", "0.00000"], ["1.00000", "0.00000", "0.00000", "0.00000", "0.00000", "0.00000"], ["1.00000", "0.00000", "0.00000", "0.00000", "0.00000", "0.00000"], ["1.00000", "0.00000", "0.00000", "0.00000", "0.00000", "0.00000"], ["1.00000", "0.00000", "0.00000", "0.00000", "0.00000", "0.00000"], ["1.00000", "0.00000", "0.00000", "0.00000", "0.00000", "0.00000"], ["1.00000", "0.00000", "0.00000", "0.00000", "0.00000", "0.00000"], ["1.00000", "0.00000", "0.00000", "0.00000", "0.00000", "0.00000"], ["1.00000", "0.00000", "0.00000", "0.00000", "0.00000", "0.00000"], ["1.00000", "0.00000", "0.00000", "0.00000", "0.00000", "0.00000"], ["1.00000", "0.00000", "0.00000", "0.00000", "0.00000", "0.00000"], ["1.00000", "0.00000", "0.00000", "0.00000", "0.00000", "0.00000"], ["1.00000", "0.00000", "0.00000", "0.00000", "0.00000", "0.00000"], ["1.00000", "0.00000", "0.00000", "0.00000", "0.00000", "0.00000"], ["1.00000", "0.00000", "0.00000", "0.00000", "0.00000", "0.00000"], ["1.00000", "0.00000", "0.00000", "0.00000", "0.00000", "0.00000"], ["1.00000", "0.00000", "0.00000", "0.00000", "0.00000", "0.00000"], ["1.00000", "0.00000", "0.00000", "0.00000", "0.00000", "0.00000"], ["1.00000", "0.00000", "0.00000", "0.00000", "0.00000", "0.00000"], ["1.00000", "0.00000", "0.00000", "0.00000", "0.00000", "0.00000"], ["1.00000", "0.00000", "0.00000", "0.00000", "0.00000", "0.00000"], ["1.00000", "0.00000", "0.00000", "0.00000", "0.00000", "0.00000"], ["1.00000", "0.00000", "0.00000", "0.00000", "0.00000", "0.00000"], ["1.00000", "0.00000", "0.00000", "0.00000", "0.00000", "0.00000"]]}, {"obj_ids": ["hand_1", "bottle_1"], "rel_list": [["-1.0", "-1.0", "-1.0", "-1.0", "-1.0", "-1.0"], ["-1.0", "-1.0", "-1.0", "-1.0", "-1.0", "-1.0"], ["-1.0", "-1.0", "-1.0", "-1.0", "-1.0", "-1.0"], ["-1.0", "-1.0", "-1.0", "-1.0", "-1.0", "-1.0"], ["-1.0", "-1.0", "-1.0", "-1.0", "-1.0", "-1.0"], ["-1.0", "-1.0", "-1.0", "-1.0", "-1.0", "-1.0"], ["-1.0", "-1.0", "-1.0", "-1.0", "-1.0", "-1.0"], ["-1.0", "-1.0", "-1.0", "-1.0", "-1.0", "-1.0"], ["-1.0", "-1.0", "-1.0", "-1.0", "-1.0", "-1.0"], ["-1.0", "-1.0", "-1.0", "-1.0", "-1.0", "-1.0"], ["-1.0", "-1.0", "-1.0", "-1.0", "-1.0", "-1.0"], ["-1.0", "-1.0", "-1.0", "-1.0", "-1.0", "-1.0"], ["-1.0", "-1.0", "-1.0", "-1.0", "-1.0", "-1.0"], ["-1.0", "-1.0", "-1.0", "-1.0", "-1.0", "-1.0"], ["-1.0", "-1.0", "-1.0", "-1.0", "-1.0", "-1.0"], ["-1.0", "-1.0", "-1.0", "-1.0", "-1.0", "-1.0"], ["-1.0", "-1.0", "-1.0", "-1.0", "-1.0", "-1.0"], ["-1.0", "-1.0", "-1.0", "-1.0", "-1.0", "-1.0"], ["-1.0", "-1.0", "-1.0", "-1.0", "-1.0", "-1.0"], ["-1.0", "-1.0", "-1.0", "-1.0", "-1.0", "-1.0"], ["-1.0", "-1.0", "-1.0", "-1.0", "-1.0", "-1.0"], ["-1.0", "-1.0", "-1.0", "-1.0", "-1.0", "-1.0"], ["-1.0", "-1.0", "-1.0", "-1.0", "-1.0", "-1.0"], ["-1.0", "-1.0", "-1.0", "-1.0", "-1.0", "-1.0"], ["-1.0", "-1.0", "-1.0", "-1.0", "-1.0", "-1.0"], ["-1.0", "-1.0", "-1.0", "-1.0", "-1.0", "-1.0"], ["-1.0", "-1.0", "-1.0", "-1.0", "-1.0", "-1.0"], ["-1.0", "-1.0", "-1.0", "-1.0", "-1.0", "-1.0"], ["-1.0", "-1.0", "-1.0", "-1.0", "-1.0", "-1.0"], ["-1.0", "-1.0", "-1.0", "-1.0", "-1.0", "-1.0"], ["-1.0", "-1.0", "-1.0", "-1.0", "-1.0", "-1.0"], ["-1.0", "-1.0", "-1.0", "-1.0", "-1.0", "-1.0"], ["-1.0", "-1.0", "-1.0", "-1.0", "-1.0", "-1.0"], ["-1.0", "-1.0", "-1.0", "-1.0", "-1.0", "-1.0"], ["-1.0", "-1.0", "-1.0", "-1.0", "-1.0", "-1.0"], ["-1.0", "-1.0", "-1.0", "-1.0", "-1.0", "-1.0"], ["-1.0", "-1.0", "-1.0", "-1.0", "-1.0", "-1.0"], ["-1.0", "-1.0", "-1.0", "-1.0", "-1.0", "-1.0"]]}]