[{"obj_ids": ["head_1", "bowl_1"], "rel_list": [["-1.0", "-1.0", "-1.0", "-1.0", "-1.0", "-1.0"], ["-1.0", "-1.0", "-1.0", "-1.0", "-1.0", "-1.0"], ["-1.0", "-1.0", "-1.0", "-1.0", "-1.0", "-1.0"], ["-1.0", "-1.0", "-1.0", "-1.0", "-1.0", "-1.0"], ["-1.0", "-1.0", "-1.0", "-1.0", "-1.0", "-1.0"], ["-1.0", "-1.0", "-1.0", "-1.0", "-1.0", "-1.0"], ["-1.0", "-1.0", "-1.0", "-1.0", "-1.0", "-1.0"], ["-1.0", "-1.0", "-1.0", "-1.0", "-1.0", "-1.0"], ["-1.0", "-1.0", "-1.0", "-1.0", "-1.0", "-1.0"], ["-1.0", "-1.0", "-1.0", "-1.0", "-1.0", "-1.0"], ["-1.0", "-1.0", "-1.0", "-1.0", "-1.0", "-1.0"], ["-1.0", "-1.0", "-1.0", "-1.0", "-1.0", "-1.0"], ["-1.0", "-1.0", "-1.0", "-1.0", "-1.0", "-1.0"], ["-1.0", "-1.0", "-1.0", "-1.0", "-1.0", "-1.0"], ["-1.0", "-1.0", "-1.0", "-1.0", "-1.0", "-1.0"], ["-1.0", "-1.0", "-1.0", "-1.0", "-1.0", "-1.0"], ["-1.0", "-1.0", "-1.0", "-1.0", "-1.0", "-1.0"], ["-1.0", "-1.0", "-1.0", "-1.0", "-1.0", "-1.0"], ["-1.0", "-1.0", "-1.0", "-1.0", "-1.0", "-1.0"], ["-1.0", "-1.0", "-1.0", "-1.0", "-1.0", "-1.0"], ["-1.0", "-1.0", "-1.0", "-1.0", "-1.0", "-1.0"], ["-1.0", "-1.0", "-1.0", "-1.0", "-1.0", "-1.0"], ["-1.0", "-1.0", "-1.0", "-1.0", "-1.0", "-1.0"], ["-1.0", "-1.0", "-1.0", "-1.0", "-1.0", "-1.0"], ["-1.0", "-1.0", "-1.0", "-1.0", "-1.0", "-1.0"], ["-1.0", "-1.0", "-1.0", "-1.0", "-1.0", "-1.0"], ["-1.0", "-1.0", "-1.0", "-1.0", "-1.0", "-1.0"], ["-1.0", "-1.0", "-1.0", "-1.0", "-1.0", "-1.0"], ["-1.0", "-1.0", "-1.0", "-1.0", "-1.0", "-1.0"], ["-1.0", "-1.0", "-1.0", "-1.0", "-1.0", "-1.0"], ["-1.0", "-1.0", "-1.0", "-1.0", "-1.0", "-1.0"], ["-1.0", "-1.0", "-1.0", "-1.0", "-1.0", "-1.0"], ["-1.0", "-1.0", "-1.0", "-1.0", "-1.0", "-1.0"], ["-1.0", "-1.0", "-1.0", "-1.0", "-1.0", "-1.0"], ["-1.0", "-1.0", "-1.0", "-1.0", "-1.0", "-1.0"], ["-1.0", "-1.0", "-1.0", "-1.0", "-1.0", "-1.0"], ["-1.0", "-1.0", "-1.0", "-1.0", "-1.0", "-1.0"], ["-1.0", "-1.0", "-1.0", "-1.0", "-1.0", "-1.0"], ["-1.0", "-1.0", "-1.0", "-1.0", "-1.0", "-1.0"], ["-1.0", "-1.0", "-1.0", "-1.0", "-1.0", "-1.0"], ["-1.0", "-1.0", "-1.0", "-1.0", "-1.0", "-1.0"]]}, {"obj_ids": ["hand_2", "bowl_1"], "rel_list": [["-1.0", "-1.0", "-1.0", "-1.0", "-1.0", "-1.0"], ["-1.0", "-1.0", "-1.0", "-1.0", "-1.0", "-1.0"], ["-1.0", "-1.0", "-1.0", "-1.0", "-1.0", "-1.0"], ["-1.0", "-1.0", "-1.0", "-1.0", "-1.0", "-1.0"], ["-1.0", "-1.0", "-1.0", "-1.0", "-1.0", "-1.0"], ["-1.0", "-1.0", "-1.0", "-1.0", "-1.0", "-1.0"], ["-1.0", "-1.0", "-1.0", "-1.0", "-1.0", "-1.0"], ["-1.0", "-1.0", "-1.0", "-1.0", "-1.0", "-1.0"], ["-1.0", "-1.0", "-1.0", "-1.0", "-1.0", "-1.0"], ["-1.0", "-1.0", "-1.0", "-1.0", "-1.0", "-1.0"], ["-1.0", "-1.0", "-1.0", "-1.0", "-1.0", "-1.0"], ["-1.0", "-1.0", "-1.0", "-1.0", "-1.0", "-1.0"], ["-1.0", "-1.0", "-1.0", "-1.0", "-1.0", "-1.0"], ["-1.0", "-1.0", "-1.0", "-1.0", "-1.0", "-1.0"], ["-1.0", "-1.0", "-1.0", "-1.0", "-1.0", "-1.0"], ["-1.0", "-1.0", "-1.0", "-1.0", "-1.0", "-1.0"], ["-1.0", "-1.0", "-1.0", "-1.0", "-1.0", "-1.0"], ["-1.0", "-1.0", "-1.0", "-1.0", "-1.0", "-1.0"], ["-1.0", "-1.0", "-1.0", "-1.0", "-1.0", "-1.0"], ["-1.0", "-1.0", "-1.0", "-1.0", "-1.0", "-1.0"], ["-1.0", "-1.0", "-1.0", "-1.0", "-1.0", "-1.0"], ["-1.0", "-1.0", "-1.0", "-1.0", "-1.0", "-1.0"], ["-1.0", "-1.0", "-1.0", "-1.0", "-1.0", "-1.0"], ["-1.0", "-1.0", "-1.0", "-1.0", "-1.0", "-1.0"], ["-1.0", "-1.0", "-1.0", "-1.0", "-1.0", "-1.0"], ["-1.0", "-1.0", "-1.0", "-1.0", "-1.0", "-1.0"], ["-1.0", "-1.0", "-1.0", "-1.0", "-1.0", "-1.0"], ["-1.0", "-1.0", "-1.0", "-1.0", "-1.0", "-1.0"], ["-1.0", "-1.0", "-1.0", "-1.0", "-1.0", "-1.0"], ["-1.0", "-1.0", "-1.0", "-1.0", "-1.0", "-1.0"], ["-1.0", "-1.0", "-1.0", "-1.0", "-1.0", "-1.0"], ["-1.0", "-1.0", "-1.0", "-1.0", "-1.0", "-1.0"], ["-1.0", "-1.0", "-1.0", "-1.0", "-1.0", "-1.0"], ["-1.0", "-1.0", "-1.0", "-1.0", "-1.0", "-1.0"], ["-1.0", "-1.0", "-1.0", "-1.0", "-1.0", "-1.0"], ["-1.0", "-1.0", "-1.0", "-1.0", "-1.0", "-1.0"], ["-1.0", "-1.0", "-1.0", "-1.0", "-1.0", "-1.0"], ["-1.0", "-1.0", "-1.0", "-1.0", "-1.0", "-1.0"], ["-1.0", "-1.0", "-1.0", "-1.0", "-1.0", "-1.0"], ["-1.0", "-1.0", "-1.0", "-1.0", "-1.0", "-1.0"], ["-1.0", "-1.0", "-1.0", "-1.0", "-1.0", "-1.0"]]}, {"obj_ids": ["hand_1", "bowl_1"], "rel_list": [["-1.0", "-1.0", "-1.0", "-1.0", "-1.0", "-1.0"], ["-1.0", "-1.0", "-1.0", "-1.0", "-1.0", "-1.0"], ["-1.0", "-1.0", "-1.0", "-1.0", "-1.0", "-1.0"], ["-1.0", "-1.0", "-1.0", "-1.0", "-1.0", "-1.0"], ["-1.0", "-1.0", "-1.0", "-1.0", "-1.0", "-1.0"], ["-1.0", "-1.0", "-1.0", "-1.0", "-1.0", "-1.0"], ["-1.0", "-1.0", "-1.0", "-1.0", "-1.0", "-1.0"], ["-1.0", "-1.0", "-1.0", "-1.0", "-1.0", "-1.0"], ["-1.0", "-1.0", "-1.0", "-1.0", "-1.0", "-1.0"], ["-1.0", "-1.0", "-1.0", "-1.0", "-1.0", "-1.0"], ["-1.0", "-1.0", "-1.0", "-1.0", "-1.0", "-1.0"], ["-1.0", "-1.0", "-1.0", "-1.0", "-1.0", "-1.0"], ["-1.0", "-1.0", "-1.0", "-1.0", "-1.0", "-1.0"], ["-1.0", "-1.0", "-1.0", "-1.0", "-1.0", "-1.0"], ["-1.0", "-1.0", "-1.0", "-1.0", "-1.0", "-1.0"], ["-1.0", "-1.0", "-1.0", "-1.0", "-1.0", "-1.0"], ["-1.0", "-1.0", "-1.0", "-1.0", "-1.0", "-1.0"], ["-1.0", "-1.0", "-1.0", "-1.0", "-1.0", "-1.0"], ["-1.0", "-1.0", "-1.0", "-1.0", "-1.0", "-1.0"], ["-1.0", "-1.0", "-1.0", "-1.0", "-1.0", "-1.0"], ["-1.0", "-1.0", "-1.0", "-1.0", "-1.0", "-1.0"], ["-1.0", "-1.0", "-1.0", "-1.0", "-1.0", "-1.0"], ["-1.0", "-1.0", "-1.0", "-1.0", "-1.0", "-1.0"], ["-1.0", "-1.0", "-1.0", "-1.0", "-1.0", "-1.0"], ["-1.0", "-1.0", "-1.0", "-1.0", "-1.0", "-1.0"], ["-1.0", "-1.0", "-1.0", "-1.0", "-1.0", "-1.0"], ["-1.0", "-1.0", "-1.0", "-1.0", "-1.0", "-1.0"], ["-1.0", "-1.0", "-1.0", "-1.0", "-1.0", "-1.0"], ["-1.0", "-1.0", "-1.0", "-1.0", "-1.0", "-1.0"], ["-1.0", "-1.0", "-1.0", "-1.0", "-1.0", "-1.0"], ["-1.0", "-1.0", "-1.0", "-1.0", "-1.0", "-1.0"], ["-1.0", "-1.0", "-1.0", "-1.0", "-1.0", "-1.0"], ["-1.0", "-1.0", "-1.0", "-1.0", "-1.0", "-1.0"], ["-1.0", "-1.0", "-1.0", "-1.0", "-1.0", "-1.0"], ["-1.0", "-1.0", "-1.0", "-1.0", "-1.0", "-1.0"], ["-1.0", "-1.0", "-1.0", "-1.0", "-1.0", "-1.0"], ["-1.0", "-1.0", "-1.0", "-1.0", "-1.0", "-1.0"], ["-1.0", "-1.0", "-1.0", "-1.0", "-1.0", "-1.0"], ["-1.0", "-1.0", "-1.0", "-1.0", "-1.0", "-1.0"], ["-1.0", "-1.0", "-1.0", "-1.0", "-1.0", "-1.0"], ["-1.0", "-1.0", "-1.0", "-1.0", "-1.0", "-1.0"]]}, {"obj_ids": ["microwave_1", "bowl_1"], "rel_list": [["-1.0", "-1.0", "-1.0", "-1.0", "-1.0", "-1.0"], ["-1.0", "-1.0", "-1.0", "-1.0", "-1.0", "-1.0"], ["-1.0", "-1.0", "-1.0", "-1.0", "-1.0", "-1.0"], ["-1.0", "-1.0", "-1.0", "-1.0", "-1.0", "-1.0"], ["-1.0", "-1.0", "-1.0", "-1.0", "-1.0", "-1.0"], ["-1.0", "-1.0", "-1.0", "-1.0", "-1.0", "-1.0"], ["-1.0", "-1.0", "-1.0", "-1.0", "-1.0", "-1.0"], ["-1.0", "-1.0", "-1.0", "-1.0", "-1.0", "-1.0"], ["-1.0", "-1.0", "-1.0", "-1.0", "-1.0", "-1.0"], ["-1.0", "-1.0", "-1.0", "-1.0", "-1.0", "-1.0"], ["-1.0", "-1.0", "-1.0", "-1.0", "-1.0", "-1.0"], ["-1.0", "-1.0", "-1.0", "-1.0", "-1.0", "-1.0"], ["-1.0", "-1.0", "-1.0", "-1.0", "-1.0", "-1.0"], ["-1.0", "-1.0", "-1.0", "-1.0", "-1.0", "-1.0"], ["-1.0", "-1.0", "-1.0", "-1.0", "-1.0", "-1.0"], ["-1.0", "-1.0", "-1.0", "-1.0", "-1.0", "-1.0"], ["-1.0", "-1.0", "-1.0", "-1.0", "-1.0", "-1.0"], ["-1.0", "-1.0", "-1.0", "-1.0", "-1.0", "-1.0"], ["-1.0", "-1.0", "-1.0", "-1.0", "-1.0", "-1.0"], ["-1.0", "-1.0", "-1.0", "-1.0", "-1.0", "-1.0"], ["-1.0", "-1.0", "-1.0", "-1.0", "-1.0", "-1.0"], ["-1.0", "-1.0", "-1.0", "-1.0", "-1.0", "-1.0"], ["-1.0", "-1.0", "-1.0", "-1.0", "-1.0", "-1.0"], ["-1.0", "-1.0", "-1.0", "-1.0", "-1.0", "-1.0"], ["-1.0", "-1.0", "-1.0", "-1.0", "-1.0", "-1.0"], ["-1.0", "-1.0", "-1.0", "-1.0", "-1.0", "-1.0"], ["-1.0", "-1.0", "-1.0", "-1.0", "-1.0", "-1.0"], ["-1.0", "-1.0", "-1.0", "-1.0", "-1.0", "-1.0"], ["-1.0", "-1.0", "-1.0", "-1.0", "-1.0", "-1.0"], ["-1.0", "-1.0", "-1.0", "-1.0", "-1.0", "-1.0"], ["-1.0", "-1.0", "-1.0", "-1.0", "-1.0", "-1.0"], ["-1.0", "-1.0", "-1.0", "-1.0", "-1.0", "-1.0"], ["-1.0", "-1.0", "-1.0", "-1.0", "-1.0", "-1.0"], ["-1.0", "-1.0", "-1.0", "-1.0", "-1.0", "-1.0"], ["-1.0", "-1.0", "-1.0", "-1.0", "-1.0", "-1.0"], ["-1.0", "-1.0", "-1.0", "-1.0", "-1.0", "-1.0"], ["-1.0", "-1.0", "-1.0", "-1.0", "-1.0", "-1.0"], ["-1.0", "-1.0", "-1.0", "-1.0", "-1.0", "-1.0"], ["-1.0", "-1.0", "-1.0", "-1.0", "-1.0", "-1.0"], ["-1.0", "-1.0", "-1.0", "-1.0", "-1.0", "-1.0"], ["-1.0", "-1.0", "-1.0", "-1.0", "-1.0", "-1.0"]]}]