[{"obj_id": "microwave_1", "attr_list": [["-1.0", "-1.0"], ["-1.0", "-1.0"], ["-1.0", "-1.0"], ["-1.0", "-1.0"], ["-1.0", "-1.0"], ["-1.0", "-1.0"], ["-1.0", "-1.0"], ["-1.0", "-1.0"], ["-1.0", "-1.0"], ["-1.0", "-1.0"], ["-1.0", "-1.0"], ["-1.0", "-1.0"], ["-1.0", "-1.0"], ["-1.0", "-1.0"], ["-1.0", "-1.0"], ["-1.0", "-1.0"], ["-1.0", "-1.0"], ["-1.0", "-1.0"], ["-1.0", "-1.0"], ["-1.0", "-1.0"], ["-1.0", "-1.0"], ["-1.0", "-1.0"], ["-1.0", "-1.0"], ["-1.0", "-1.0"], ["-1.0", "-1.0"], ["-1.0", "-1.0"], ["-1.0", "-1.0"], ["-1.0", "-1.0"], ["-1.0", "-1.0"], ["-1.0", "-1.0"], ["-1.0", "-1.0"], ["-1.0", "-1.0"], ["-1.0", "-1.0"], ["-1.0", "-1.0"], ["-1.0", "-1.0"], ["-1.0", "-1.0"], ["-1.0", "-1.0"], ["-1.0", "-1.0"], ["-1.0", "-1.0"], ["-1.0", "-1.0"], ["-1.0", "-1.0"], ["-1.0", "-1.0"], ["-1.0", "-1.0"], ["-1.0", "-1.0"], ["-1.0", "-1.0"], ["-1.0", "-1.0"], ["-1.0", "-1.0"], ["-1.0", "-1.0"], ["-1.0", "-1.0"], ["-1.0", "-1.0"], ["-1.0", "-1.0"], ["-1.0", "-1.0"], ["-1.0", "-1.0"], ["-1.0", "-1.0"], ["-1.0", "-1.0"], ["-1.0", "-1.0"], ["-1.0", "-1.0"], ["-1.0", "-1.0"], ["-1.0", "-1.0"], ["-1.0", "-1.0"], ["-1.0", "-1.0"], ["-1.0", "-1.0"], ["-1.0", "-1.0"], ["-1.0", "-1.0"], ["-1.0", "-1.0"], ["-1.0", "-1.0"]]}, {"obj_id": "medicine-box_1", "attr_list": [["-1.0", "-1.0"], ["-1.0", "-1.0"], ["-1.0", "-1.0"], ["-1.0", "-1.0"], ["-1.0", "-1.0"], ["-1.0", "-1.0"], ["-1.0", "-1.0"], ["-1.0", "-1.0"], ["-1.0", "-1.0"], ["-1.0", "-1.0"], ["-1.0", "-1.0"], ["-1.0", "-1.0"], ["-1.0", "-1.0"], ["-1.0", "-1.0"], ["-1.0", "-1.0"], ["-1.0", "-1.0"], ["-1.0", "-1.0"], ["-1.0", "-1.0"], ["-1.0", "-1.0"], ["-1.0", "-1.0"], ["-1.0", "-1.0"], ["-1.0", "-1.0"], ["-1.0", "-1.0"], ["-1.0", "-1.0"], ["-1.0", "-1.0"], ["-1.0", "-1.0"], ["-1.0", "-1.0"], ["-1.0", "-1.0"], ["-1.0", "-1.0"], ["-1.0", "-1.0"], ["-1.0", "-1.0"], ["-1.0", "-1.0"], ["-1.0", "-1.0"], ["-1.0", "-1.0"], ["-1.0", "-1.0"], ["-1.0", "-1.0"], ["-1.0", "-1.0"], ["-1.0", "-1.0"], ["-1.0", "-1.0"], ["-1.0", "-1.0"], ["-1.0", "-1.0"], ["-1.0", "-1.0"], ["-1.0", "-1.0"], ["-1.0", "-1.0"], ["-1.0", "-1.0"], ["-1.0", "-1.0"], ["-1.0", "-1.0"], ["-1.0", "-1.0"], ["-1.0", "-1.0"], ["-1.0", "-1.0"], ["-1.0", "-1.0"], ["-1.0", "-1.0"], ["-1.0", "-1.0"], ["-1.0", "-1.0"], ["-1.0", "-1.0"], ["-1.0", "-1.0"], ["-1.0", "-1.0"], ["-1.0", "-1.0"], ["-1.0", "-1.0"], ["-1.0", "-1.0"], ["-1.0", "-1.0"], ["-1.0", "-1.0"], ["-1.0", "-1.0"], ["-1.0", "-1.0"], ["-1.0", "-1.0"], ["-1.0", "-1.0"]]}, {"obj_id": "bottle_2", "attr_list": [["-1.0", "-1.0"], ["-1.0", "-1.0"], ["-1.0", "-1.0"], ["-1.0", "-1.0"], ["-1.0", "-1.0"], ["-1.0", "-1.0"], ["-1.0", "-1.0"], ["-1.0", "-1.0"], ["-1.0", "-1.0"], ["-1.0", "-1.0"], ["-1.0", "-1.0"], ["-1.0", "-1.0"], ["-1.0", "-1.0"], ["-1.0", "-1.0"], ["-1.0", "-1.0"], ["-1.0", "-1.0"], ["-1.0", "-1.0"], ["-1.0", "-1.0"], ["-1.0", "-1.0"], ["-1.0", "-1.0"], ["-1.0", "-1.0"], ["-1.0", "-1.0"], ["-1.0", "-1.0"], ["-1.0", "-1.0"], ["-1.0", "-1.0"], ["-1.0", "-1.0"], ["-1.0", "-1.0"], ["-1.0", "-1.0"], ["-1.0", "-1.0"], ["-1.0", "-1.0"], ["-1.0", "-1.0"], ["-1.0", "-1.0"], ["-1.0", "-1.0"], ["-1.0", "-1.0"], ["-1.0", "-1.0"], ["-1.0", "-1.0"], ["-1.0", "-1.0"], ["-1.0", "-1.0"], ["-1.0", "-1.0"], ["-1.0", "-1.0"], ["-1.0", "-1.0"], ["-1.0", "-1.0"], ["-1.0", "-1.0"], ["-1.0", "-1.0"], ["-1.0", "-1.0"], ["-1.0", "-1.0"], ["-1.0", "-1.0"], ["-1.0", "-1.0"], ["-1.0", "-1.0"], ["-1.0", "-1.0"], ["-1.0", "-1.0"], ["-1.0", "-1.0"], ["-1.0", "-1.0"], ["-1.0", "-1.0"], ["-1.0", "-1.0"], ["-1.0", "-1.0"], ["-1.0", "-1.0"], ["-1.0", "-1.0"], ["-1.0", "-1.0"], ["-1.0", "-1.0"], ["-1.0", "-1.0"], ["-1.0", "-1.0"], ["-1.0", "-1.0"], ["-1.0", "-1.0"], ["-1.0", "-1.0"], ["-1.0", "-1.0"]]}, {"obj_id": "bottle_1", "attr_list": [["0.98752", "0.01247"], ["0.98592", "0.01408"], ["0.98406", "0.01594"], ["0.98698", "0.01302"], ["0.98585", "0.01415"], ["0.98605", "0.01395"], ["0.98209", "0.01791"], ["0.98558", "0.01442"], ["0.98751", "0.01249"], ["0.98791", "0.01209"], ["0.98695", "0.01305"], ["0.98399", "0.01601"], ["0.98522", "0.01478"], ["0.98652", "0.01348"], ["0.98795", "0.01205"], ["0.98690", "0.01310"], ["0.98621", "0.01379"], ["0.98287", "0.01713"], ["0.98405", "0.01595"], ["0.98317", "0.01683"], ["0.98717", "0.01283"], ["0.97792", "0.02208"], ["0.97947", "0.02053"], ["0.97827", "0.02173"], ["0.98051", "0.01949"], ["0.98435", "0.01565"], ["0.98247", "0.01753"], ["0.98684", "0.01316"], ["0.98719", "0.01281"], ["0.98491", "0.01509"], ["0.98323", "0.01677"], ["0.98104", "0.01896"], ["0.98569", "0.01431"], ["0.98529", "0.01471"], ["0.98481", "0.01519"], ["0.98919", "0.01081"], ["0.98514", "0.01486"], ["0.98766", "0.01234"], ["0.98394", "0.01606"], ["0.98137", "0.01863"], ["0.98400", "0.01600"], ["0.98353", "0.01647"], ["0.98342", "0.01658"], ["0.98318", "0.01682"], ["0.98491", "0.01509"], ["0.98411", "0.01589"], ["0.98721", "0.01279"], ["0.98650", "0.01350"], ["0.98603", "0.01397"], ["0.98594", "0.01406"], ["0.98869", "0.01131"], ["0.98477", "0.01523"], ["0.98684", "0.01316"], ["0.98779", "0.01221"], ["0.98230", "0.01770"], ["0.98726", "0.01274"], ["0.98616", "0.01384"], ["0.98262", "0.01738"], ["0.98503", "0.01497"], ["0.98261", "0.01739"], ["0.98448", "0.01552"], ["0.98475", "0.01525"], ["0.98794", "0.01206"], ["0.98592", "0.01408"], ["0.98963", "0.01037"], ["0.98582", "0.01418"]]}]