[{"obj_id": "microwave_1", "attr_list": [["-1.0", "-1.0"], ["-1.0", "-1.0"], ["-1.0", "-1.0"], ["-1.0", "-1.0"], ["-1.0", "-1.0"], ["-1.0", "-1.0"], ["-1.0", "-1.0"], ["-1.0", "-1.0"], ["-1.0", "-1.0"], ["-1.0", "-1.0"], ["-1.0", "-1.0"], ["-1.0", "-1.0"], ["-1.0", "-1.0"], ["-1.0", "-1.0"], ["-1.0", "-1.0"], ["0.77152", "0.22848"], ["0.78705", "0.21295"], ["0.82428", "0.17572"], ["0.81909", "0.18091"], ["0.92860", "0.07140"], ["0.94528", "0.05472"], ["0.95255", "0.04745"], ["0.95960", "0.04040"], ["0.98103", "0.01897"]]}, {"obj_id": "medicine-box_1", "attr_list": [["-1.0", "-1.0"], ["-1.0", "-1.0"], ["-1.0", "-1.0"], ["-1.0", "-1.0"], ["-1.0", "-1.0"], ["-1.0", "-1.0"], ["-1.0", "-1.0"], ["-1.0", "-1.0"], ["-1.0", "-1.0"], ["-1.0", "-1.0"], ["-1.0", "-1.0"], ["-1.0", "-1.0"], ["-1.0", "-1.0"], ["-1.0", "-1.0"], ["-1.0", "-1.0"], ["-1.0", "-1.0"], ["-1.0", "-1.0"], ["0.97415", "0.02585"], ["0.96445", "0.03555"], ["0.97155", "0.02845"], ["0.97184", "0.02816"], ["0.96845", "0.03155"], ["0.96804", "0.03196"], ["0.97095", "0.02905"]]}, {"obj_id": "bottle_2", "attr_list": [["-1.0", "-1.0"], ["-1.0", "-1.0"], ["-1.0", "-1.0"], ["-1.0", "-1.0"], ["-1.0", "-1.0"], ["-1.0", "-1.0"], ["-1.0", "-1.0"], ["-1.0", "-1.0"], ["-1.0", "-1.0"], ["-1.0", "-1.0"], ["-1.0", "-1.0"], ["-1.0", "-1.0"], ["-1.0", "-1.0"], ["-1.0", "-1.0"], ["-1.0", "-1.0"], ["-1.0", "-1.0"], ["-1.0", "-1.0"], ["-1.0", "-1.0"], ["-1.0", "-1.0"], ["-1.0", "-1.0"], ["-1.0", "-1.0"], ["-1.0", "-1.0"], ["-1.0", "-1.0"], ["-1.0", "-1.0"]]}, {"obj_id": "bottle_1", "attr_list": [["0.98772", "0.01228"], ["0.98748", "0.01252"], ["0.98814", "0.01186"], ["0.99036", "0.00964"], ["0.98838", "0.01162"], ["0.98600", "0.01400"], ["0.98447", "0.01553"], ["0.98480", "0.01520"], ["0.98455", "0.01545"], ["0.98580", "0.01420"], ["0.98791", "0.01209"], ["0.98772", "0.01228"], ["0.97437", "0.02563"], ["0.97355", "0.02645"], ["0.97926", "0.02074"], ["0.96923", "0.03077"], ["0.95145", "0.04855"], ["0.96721", "0.03279"], ["0.97974", "0.02026"], ["0.95664", "0.04336"], ["0.96561", "0.03439"], ["0.96867", "0.03133"], ["0.96455", "0.03545"], ["0.97652", "0.02348"]]}]